,Route,Time,Speed,x,y,Notes
0,50 Langford,2022-05-26 14:13:55.546813,14.4,-123.404296875,48.460044860839844,Route: 50 Langford   Time: 14:13:55   Speed: 14.4 km/hr
